INSEE_DEP;NOM_DEPT;INSEE_COM;NOM_COM;CLASSEMENT
971;Guadeloupe;97101;Abymes;Mer
971;Guadeloupe;97102;Anse-Bertrand;Mer
971;Guadeloupe;97103;Baie-Mahault;Mer
971;Guadeloupe;97104;Baillif;Mer
971;Guadeloupe;97105;Basse-Terre;Mer
971;Guadeloupe;97106;Bouillante;Mer
971;Guadeloupe;97107;Capesterre-Belle-Eau;Mer
971;Guadeloupe;97108;Capesterre-de-Marie-Galante;Mer
971;Guadeloupe;97109;Gourbeyre;Mer
971;Guadeloupe;97110;Désirade;Mer
971;Guadeloupe;97111;Deshaies;Mer
971;Guadeloupe;97112;Grand-Bourg;Mer
971;Guadeloupe;97113;Gosier;Mer
971;Guadeloupe;97114;Goyave;Mer
971;Guadeloupe;97115;Lamentin;Mer
971;Guadeloupe;97116;Morne-à-l'Eau;Mer
971;Guadeloupe;97117;Moule;Mer
971;Guadeloupe;97118;Petit-Bourg;Mer
971;Guadeloupe;97119;Petit-Canal;Mer
971;Guadeloupe;97120;Pointe-à-Pitre;Mer
971;Guadeloupe;97121;Pointe-Noire;Mer
971;Guadeloupe;97122;Port-Louis;Mer
971;Guadeloupe;97125;Saint-François;Mer
971;Guadeloupe;97126;Saint-Louis;Mer
971;Guadeloupe;97128;Sainte-Anne;Mer
971;Guadeloupe;97129;Sainte-Rose;Mer
971;Guadeloupe;97130;Terre-de-Bas;Mer
971;Guadeloupe;97131;Terre-de-Haut;Mer
971;Guadeloupe;97132;Trois-Rivières;Mer
971;Guadeloupe;97133;Vieux-Fort;Mer
971;Guadeloupe;97134;Vieux-Habitants;Mer
972;Martinique;97202;Anses-d'Arlet;Mer
972;Martinique;97203;Basse-Pointe;Mer
972;Martinique;97204;Carbet;Mer
972;Martinique;97205;Case-Pilote;Mer
972;Martinique;97206;Diamant;Mer
972;Martinique;97207;Ducos;Mer
972;Martinique;97209;Fort-de-France;Mer
972;Martinique;97210;François;Mer
972;Martinique;97211;Grand'Rivière;Mer
972;Martinique;97213;Lamentin;Mer
972;Martinique;97214;Lorrain;Mer
972;Martinique;97215;Macouba;Mer
972;Martinique;97216;Marigot;Mer
972;Martinique;97217;Marin;Mer
972;Martinique;97219;Prêcheur;Mer
972;Martinique;97220;Rivière-Pilote;Mer
972;Martinique;97221;Rivière-Salée;Mer
972;Martinique;97222;Robert;Mer
972;Martinique;97225;Saint-Pierre;Mer
972;Martinique;97226;Sainte-Anne;Mer
972;Martinique;97227;Sainte-Luce;Mer
972;Martinique;97228;Sainte-Marie;Mer
972;Martinique;97229;Schœlcher;Mer
972;Martinique;97230;Trinité;Mer
972;Martinique;97231;Trois-Îlets;Mer
972;Martinique;97232;Vauclin;Mer
972;Martinique;97234;Bellefontaine;Mer
973;Guyane;97301;Régina;Mer
973;Guyane;97302;Cayenne;Mer
973;Guyane;97303;Iracoubo;Mer
973;Guyane;97304;Kourou;Mer
973;Guyane;97305;Macouria;Mer
973;Guyane;97306;Mana;Mer
973;Guyane;97307;Matoury;Mer
973;Guyane;97308;Saint-Georges;Mer
973;Guyane;97309;Remire-Montjoly;Mer
973;Guyane;97310;Roura;Mer
973;Guyane;97312;Sinnamary;Mer
973;Guyane;97314;Ouanary;Mer
973;Guyane;97358;Saint-Élie;Lac
973;Guyane;97361;Awala-Yalimapo;Mer
974;La Réunion;97401;Avirons;Mer
974;La Réunion;97402;Bras-Panon;Mer
974;La Réunion;97404;Étang-Salé;Mer
974;La Réunion;97405;Petite-Île;Mer
974;La Réunion;97407;Port;Mer
974;La Réunion;97408;Possession;Mer
974;La Réunion;97409;Saint-André;Mer
974;La Réunion;97410;Saint-Benoît;Mer
974;La Réunion;97411;Saint-Denis;Mer
974;La Réunion;97412;Saint-Joseph;Mer
974;La Réunion;97413;Saint-Leu;Mer
974;La Réunion;97414;Saint-Louis;Mer
974;La Réunion;97415;Saint-Paul;Mer
974;La Réunion;97416;Saint-Pierre;Mer
974;La Réunion;97417;Saint-Philippe;Mer
974;La Réunion;97418;Sainte-Marie;Mer
974;La Réunion;97419;Sainte-Rose;Mer
974;La Réunion;97420;Sainte-Suzanne;Mer
974;La Réunion;97423;Trois-Bassins;Mer
976;Mayotte;97601;Acoua;Mer
976;Mayotte;97602;Bandraboua;Mer
976;Mayotte;97603;Bandrele;Mer
976;Mayotte;97604;Bouéni;Mer
976;Mayotte;97605;Chiconi;Mer
976;Mayotte;97606;Chirongui;Mer
976;Mayotte;97607;Dembeni;Mer
976;Mayotte;97608;Dzaoudzi;Mer
976;Mayotte;97609;Kani-Kéli;Mer
976;Mayotte;97610;Koungou;Mer
976;Mayotte;97611;Mamoudzou;Mer
976;Mayotte;97612;Mtsamboro;Mer
976;Mayotte;97613;M'Tsangamouji;Mer
976;Mayotte;97614;Ouangani;Mer
976;Mayotte;97615;Pamandzi;Mer
976;Mayotte;97616;Sada;Mer
976;Mayotte;97617;Tsingoni;Mer
39;Jura;39038;Barésia-sur-l'Ain;Lac
39;Jura;39061;Boissia;Lac
39;Jura;39086;Cernon;Lac
39;Jura;39106;Charchilla;Lac
39;Jura;39175;Coyron;Lac
39;Jura;39278;Largillay-Marsonnay;Lac
39;Jura;39289;Lect;Lac
39;Jura;39307;Maisod;Lac
39;Jura;39333;Moirans-en-Montagne;Lac
39;Jura;39394;Onoz;Lac
39;Jura;39397;Orgelet;Lac
39;Jura;39435;Pont-de-Poitte;Lac
39;Jura;39534;Tour-du-Meix;Lac
14;Calvados;14001;Ablon;Mer
14;Calvados;14009;Amfreville;Mer
14;Calvados;14021;Arromanches-les-Bains;Mer
14;Calvados;14022;Asnelles;Mer
14;Calvados;14024;Auberville;Mer
14;Calvados;14059;Benerville-sur-Mer;Mer
14;Calvados;14060;Bénouville;Estuaire
14;Calvados;14066;Bernières-sur-Mer;Mer
14;Calvados;14079;Blonville-sur-Mer;Mer
14;Calvados;14117;Cabourg;Mer
14;Calvados;14165;Colleville-sur-Mer;Mer
14;Calvados;14166;Colleville-Montgomery;Mer
14;Calvados;14172;Commes;Mer
14;Calvados;14191;Courseulles-sur-Mer;Mer
14;Calvados;14202;Cricquebœuf;Mer
14;Calvados;14204;Cricqueville-en-Bessin;Mer
14;Calvados;14220;Deauville;Mer
14;Calvados;14225;Dives-sur-Mer;Mer
14;Calvados;14239;Englesqueville-la-Percée;Mer
14;Calvados;14281;Formigny La Bataille;Mer
14;Calvados;14298;Géfosse-Fontenay;Mer
14;Calvados;14305;Gonneville-sur-Mer;Mer
14;Calvados;14312;Grandcamp-Maisy;Mer
14;Calvados;14318;Graye-sur-Mer;Mer
14;Calvados;14325;Hermanville-sur-Mer;Mer
14;Calvados;14333;Honfleur;Mer
14;Calvados;14338;Houlgate;Mer
14;Calvados;14342;Isigny-sur-Mer;Estuaire
14;Calvados;14354;Langrune-sur-Mer;Mer
14;Calvados;14365;Lion-sur-Mer;Mer
14;Calvados;14377;Longues-sur-Mer;Mer
14;Calvados;14384;Luc-sur-Mer;Mer
14;Calvados;14401;Manvieux;Mer
14;Calvados;14409;Merville-Franceville-Plage;Mer
14;Calvados;14430;Meuvaines;Mer
14;Calvados;14480;Osmanville;Estuaire
14;Calvados;14488;Ouistreham;Mer
14;Calvados;14492;Pennedepie;Mer
14;Calvados;14515;Port-en-Bessin-Huppain;Mer
14;Calvados;14530;Ranville;Mer
14;Calvados;14536;Rivière-Saint-Sauveur;Mer
14;Calvados;14562;Saint-Aubin-sur-Mer;Mer
14;Calvados;14565;Saint-Côme-de-Fresné;Mer
14;Calvados;14591;Aure sur Mer;Mer
14;Calvados;14605;Saint-Laurent-sur-Mer;Mer
14;Calvados;14652;Saint-Pierre-du-Mont;Mer
14;Calvados;14665;Sallenelles;Mer
14;Calvados;14701;Tourgéville;Mer
14;Calvados;14709;Tracy-sur-Mer;Mer
14;Calvados;14715;Trouville-sur-Mer;Mer
14;Calvados;14724;Varaville;Mer
14;Calvados;14739;Ver-sur-Mer;Mer
14;Calvados;14745;Vierville-sur-Mer;Mer
14;Calvados;14754;Villers-sur-Mer;Mer
14;Calvados;14755;Villerville;Mer
27;Eure;27064;Berville-sur-Mer;Estuaire
27;Eure;27169;Conteville;Estuaire
27;Eure;27233;Fatouville-Grestain;Mer
27;Eure;27243;Fiquefleur-Équainville;Mer
27;Eure;27260;Foulbec;Estuaire
27;Eure;27388;Marais-Vernier;Estuaire
27;Eure;27485;Quillebeuf-sur-Seine;Estuaire
27;Eure;27601;Saint-Samson-de-la-Roque;Estuaire
50;Manche;50003;Agon-Coutainville;Mer
50;Manche;50015;Annoville;Mer
50;Manche;50021;Audouville-la-Hubert;Mer
50;Manche;50022;Aumeville-Lestre;Mer
50;Manche;50025;Avranches;Mer
50;Manche;50030;Barfleur;Mer
50;Manche;50031;Barneville-Carteret;Mer
50;Manche;50033;Baubigny;Mer
50;Manche;50041;Hague;Mer
50;Manche;50042;Beauvoir;Mer
50;Manche;50058;Blainville-sur-Mer;Mer
50;Manche;50066;Jullouville;Mer
50;Manche;50076;Bréhal;Mer
50;Manche;50077;Bretteville;Mer
50;Manche;50078;Bretteville-sur-Ay;Mer
50;Manche;50081;Bréville-sur-Mer;Mer
50;Manche;50085;Bricqueville-sur-Mer;Mer
50;Manche;50099;Carentan-les-Marais;Estuaire
50;Manche;50099;Carentan-les-Marais;Mer
50;Manche;50102;Carolles;Mer
50;Manche;50108;Céaux;Mer
50;Manche;50117;Champeaux;Mer
50;Manche;50129;Cherbourg-en-Cotentin;Mer
50;Manche;50142;Vicq-sur-Mer;Mer
50;Manche;50143;Coudeville-sur-Mer;Mer
50;Manche;50146;Courtils;Mer
50;Manche;50150;Crasville;Mer
50;Manche;50151;Créances;Mer
50;Manche;50162;Digosville;Mer
50;Manche;50165;Donville-les-Bains;Mer
50;Manche;50167;Dragey-Ronthon;Mer
50;Manche;50178;Fermanville;Mer
50;Manche;50184;Flamanville;Mer
50;Manche;50190;Fontenay-sur-Mer;Mer
50;Manche;50196;Gatteville-le-Phare;Mer
50;Manche;50198;Geffosses;Mer
50;Manche;50199;Genêts;Mer
50;Manche;50215;Gouville-sur-Mer;Mer
50;Manche;50218;Granville;Mer
50;Manche;50231;Hauteville-sur-Mer;Mer
50;Manche;50236;Haye;Mer
50;Manche;50238;Héauville;Mer
50;Manche;50243;Heugueville-sur-Sienne;Mer
50;Manche;50253;Huisnes-sur-Mer;Mer
50;Manche;50267;Lessay;Mer
50;Manche;50268;Lestre;Mer
50;Manche;50272;Lingreville;Mer
50;Manche;50288;Marcey-les-Grèves;Mer
50;Manche;50296;Maupertus-sur-Mer;Mer
50;Manche;50332;Moitiers-d'Allonne;Mer
50;Manche;50342;Montfarville;Mer
50;Manche;50349;Montmartin-sur-Mer;Mer
50;Manche;50353;Mont-Saint-Michel;Mer
50;Manche;50388;Orval sur Sienne;Estuaire
50;Manche;50388;Orval sur Sienne;Mer
50;Manche;50402;Pieux;Mer
50;Manche;50403;Pirou;Mer
50;Manche;50407;Poilley;Estuaire
50;Manche;50408;Pontaubault;Mer
50;Manche;50410;Pontorson;Mer
50;Manche;50412;Port-Bail-sur-Mer;Mer
50;Manche;50417;Quettehou;Mer
50;Manche;50421;Quinéville;Mer
50;Manche;50429;Regnéville-sur-Mer;Mer
50;Manche;50433;Réville;Mer
50;Manche;50442;Rozel;Mer
50;Manche;50471;Saint-Georges-de-la-Rivière;Mer
50;Manche;50479;Saint-Germain-de-Varreville;Mer
50;Manche;50481;Saint-Germain-sur-Ay;Mer
50;Manche;50490;Saint-Jean-de-la-Rivière;Mer
50;Manche;50496;Saint-Jean-le-Thomas;Mer
50;Manche;50507;Saint-Marcouf;Mer
50;Manche;50509;Sainte-Marie-du-Mont;Mer
50;Manche;50517;Saint-Martin-de-Varreville;Mer
50;Manche;50523;Sainte-Mère-Église;Mer
50;Manche;50532;Saint-Pair-sur-Mer;Mer
50;Manche;50543;Saint-Quentin-sur-le-Homme;Estuaire
50;Manche;50562;Saint-Vaast-la-Hougue;Mer
50;Manche;50576;Siouville-Hague;Mer
50;Manche;50585;Surtainville;Mer
50;Manche;50603;Tourville-sur-Sienne;Mer
50;Manche;50604;Tréauville;Mer
50;Manche;50612;Vains;Mer
50;Manche;50616;Val-Saint-Père;Mer
76;Seine-Maritime;76079;Bénouville;Mer
76;Seine-Maritime;76167;Cauville-sur-Mer;Mer
76;Seine-Maritime;76169;Cerlangue;Estuaire
76;Seine-Maritime;76192;Criel-sur-Mer;Mer
76;Seine-Maritime;76194;Criquebeuf-en-Caux;Mer
76;Seine-Maritime;76217;Dieppe;Mer
76;Seine-Maritime;76232;Életot;Mer
76;Seine-Maritime;76254;Étretat;Mer
76;Seine-Maritime;76259;Fécamp;Mer
76;Seine-Maritime;76266;Flocques;Mer
76;Seine-Maritime;76305;Gonfreville-l'Orcher;Mer
76;Seine-Maritime;76349;Hautot-sur-Mer;Mer
76;Seine-Maritime;76351;Havre;Mer
76;Seine-Maritime;76361;Heuqueville;Mer
76;Seine-Maritime;76375;Ingouville;Mer
76;Seine-Maritime;76390;Loges;Mer
76;Seine-Maritime;76407;Manneville-ès-Plains;Mer
76;Seine-Maritime;76481;Octeville-sur-Mer;Mer
76;Seine-Maritime;76489;Oudalle;Mer
76;Seine-Maritime;76493;Paluel;Mer
76;Seine-Maritime;76508;Poterie-Cap-d'Antifer;Mer
76;Seine-Maritime;76515;Quiberville;Mer
76;Seine-Maritime;76533;Rogerville;Mer
76;Seine-Maritime;76552;Sainte-Adresse;Mer
76;Seine-Maritime;76564;Saint-Aubin-sur-Mer;Mer
76;Seine-Maritime;76595;Saint-Jouin-Bruneval;Mer
76;Seine-Maritime;76600;Saint-Léonard;Mer
76;Seine-Maritime;76605;Sainte-Marguerite-sur-Mer;Mer
76;Seine-Maritime;76613;Saint-Martin-aux-Buneaux;Mer
76;Seine-Maritime;76618;Petit-Caux;Mer
76;Seine-Maritime;76637;Saint-Pierre-en-Port;Mer
76;Seine-Maritime;76651;Saint-Sylvain;Mer
76;Seine-Maritime;76655;Saint-Valery-en-Caux;Mer
76;Seine-Maritime;76657;Saint-Vigor-d'Ymonville;Mer
76;Seine-Maritime;76660;Sandouville;Mer
76;Seine-Maritime;76663;Sassetot-le-Mauconduit;Mer
76;Seine-Maritime;76670;Senneville-sur-Fécamp;Mer
76;Seine-Maritime;76683;Sotteville-sur-Mer;Mer
76;Seine-Maritime;76684;Tancarville;Estuaire
76;Seine-Maritime;76693;Tilleul;Mer
76;Seine-Maritime;76711;Tréport;Mer
76;Seine-Maritime;76720;Varengeville-sur-Mer;Mer
76;Seine-Maritime;76726;Vattetot-sur-Mer;Mer
76;Seine-Maritime;76735;Veules-les-Roses;Mer
76;Seine-Maritime;76736;Veulettes-sur-Mer;Mer
76;Seine-Maritime;76754;Yport;Mer
59;Nord;59107;Bray-Dunes;Mer
59;Nord;59183;Dunkerque;Mer
59;Nord;59260;Ghyvelde;Mer
59;Nord;59271;Grande-Synthe;Mer
59;Nord;59272;Grand-Fort-Philippe;Mer
59;Nord;59273;Gravelines;Mer
59;Nord;59340;Leffrinckoucke;Mer
59;Nord;59359;Loon-Plage;Mer
59;Nord;59668;Zuydcoote;Mer
62;Pas-de-Calais;62025;Ambleteuse;Mer
62;Pas-de-Calais;62054;Audinghen;Mer
62;Pas-de-Calais;62056;Audresselles;Mer
62;Pas-de-Calais;62108;Berck;Mer
62;Pas-de-Calais;62160;Boulogne-sur-Mer;Mer
62;Pas-de-Calais;62193;Calais;Mer
62;Pas-de-Calais;62201;Camiers;Mer
62;Pas-de-Calais;62233;Conchil-le-Temple;Mer
62;Pas-de-Calais;62261;Cucq;Mer
62;Pas-de-Calais;62264;Dannes;Mer
62;Pas-de-Calais;62300;Équihen-Plage;Mer
62;Pas-de-Calais;62307;Escalles;Mer
62;Pas-de-Calais;62318;Étaples;Mer
62;Pas-de-Calais;62390;Groffliers;Mer
62;Pas-de-Calais;62548;Marck;Mer
62;Pas-de-Calais;62571;Merlimont;Mer
62;Pas-de-Calais;62604;Neufchâtel-Hardelot;Mer
62;Pas-de-Calais;62643;Outreau;Estuaire
62;Pas-de-Calais;62645;Oye-Plage;Mer
62;Pas-de-Calais;62667;Portel;Mer
62;Pas-de-Calais;62746;Saint-Étienne-au-Mont;Mer
62;Pas-de-Calais;62752;Saint-Josse;Mer
62;Pas-de-Calais;62774;Sangatte;Mer
62;Pas-de-Calais;62806;Tardinghen;Mer
62;Pas-de-Calais;62826;Touquet-Paris-Plage;Mer
62;Pas-de-Calais;62866;Waben;Mer
62;Pas-de-Calais;62893;Wimereux;Mer
62;Pas-de-Calais;62894;Wimille;Estuaire
62;Pas-de-Calais;62899;Wissant;Mer
80;Somme;80039;Ault;Mer
80;Somme;80110;Boismont;Mer
80;Somme;80182;Cayeux-sur-Mer;Mer
80;Somme;80228;Crotoy;Mer
80;Somme;80303;Favières;Mer
80;Somme;80333;Fort-Mahon-Plage;Mer
80;Somme;80464;Lanchères;Mer
80;Somme;80533;Mers-les-Bains;Mer
80;Somme;80600;Noyelles-sur-Mer;Mer
80;Somme;80618;Pendé;Mer
80;Somme;80633;Ponthoile;Mer
80;Somme;80649;Quend;Mer
80;Somme;80713;Saint-Quentin-en-Tourmont;Mer
80;Somme;80714;Saint-Quentin-la-Motte-Croix-au-Bailly;Mer
80;Somme;80721;Saint-Valery-sur-Somme;Mer
80;Somme;80826;Woignarue;Mer
10;Aube;10005;Amance;Lac
10;Aube;10061;Brévonnes;Lac
10;Aube;10129;Dosches;Lac
10;Aube;10165;Géraudot;Lac
10;Aube;10209;Lusigny-sur-Barse;Lac
10;Aube;10228;Mathaux;Lac
10;Aube;10238;Mesnil-Saint-Père;Lac
10;Aube;10249;Montiéramey;Lac
10;Aube;10287;Piney;Lac
10;Aube;10313;Radonvilliers;Lac
51;Marne;51016;Arrigny;Lac
51;Marne;51223;Écollemont;Lac
51;Marne;51269;Giffaumont-Champaubert;Lac
51;Marne;51277;Sainte-Marie-du-Lac-Nuisement;Lac
51;Marne;51316;Larzicourt;Lac
51;Marne;51419;Outines;Lac
52;Haute-Marne;52182;Éclaron-Braucourt-Sainte-Livière;Lac
52;Haute-Marne;52391;Planrupt;Lac
52;Haute-Marne;52411;Rives Dervoises;Lac
54;Meurthe-et-Moselle;54182;Essey-et-Maizerais;Lac
54;Meurthe-et-Moselle;54416;Pannes;Lac
54;Meurthe-et-Moselle;54470;Saint-Baussant;Lac
55;Meuse;55093;Buxières-sous-les-Côtes;Lac
55;Meuse;55245;Heudicourt-sous-les-Côtes;Lac
55;Meuse;55270;Lahayville;Lac
55;Meuse;55353;Montsec;Lac
55;Meuse;55386;Nonsard-Lamarche;Lac
55;Meuse;55431;Richecourt;Lac
44;Loire-Atlantique;44006;Assérac;Mer
44;Loire-Atlantique;44010;Batz-sur-Mer;Mer
44;Loire-Atlantique;44012;Bernerie-en-Retz;Mer
44;Loire-Atlantique;44018;Bouaye;Lac
44;Loire-Atlantique;44019;Bouée;Estuaire
44;Loire-Atlantique;44021;Villeneuve-en-Retz;Estuaire
44;Loire-Atlantique;44033;Chapelle-Launay;Estuaire
44;Loire-Atlantique;44041;Chevrolière;Lac
44;Loire-Atlantique;44046;Corsept;Estuaire
44;Loire-Atlantique;44049;Croisic;Mer
44;Loire-Atlantique;44052;Donges;Estuaire
44;Loire-Atlantique;44055;Baule-Escoublac;Mer
44;Loire-Atlantique;44061;Frossay;Estuaire
44;Loire-Atlantique;44069;Guérande;Mer
44;Loire-Atlantique;44080;Lavau-sur-Loire;Estuaire
44;Loire-Atlantique;44097;Mesquer;Mer
44;Loire-Atlantique;44103;Montoir-de-Bretagne;Estuaire
44;Loire-Atlantique;44106;Moutiers-en-Retz;Mer
44;Loire-Atlantique;44116;Paimbœuf;Estuaire
44;Loire-Atlantique;44125;Piriac-sur-Mer;Mer
44;Loire-Atlantique;44126;Plaine-sur-Mer;Mer
44;Loire-Atlantique;44131;Pornic;Mer
44;Loire-Atlantique;44132;Pornichet;Mer
44;Loire-Atlantique;44135;Pouliguen;Mer
44;Loire-Atlantique;44136;Préfailles;Mer
44;Loire-Atlantique;44150;Saint-Aignan-Grandlieu;Lac
44;Loire-Atlantique;44154;Saint-Brevin-les-Pins;Mer
44;Loire-Atlantique;44174;Saint-Lumine-de-Coutais;Lac
44;Loire-Atlantique;44178;Saint-Mars-de-Coutais;Lac
44;Loire-Atlantique;44182;Saint-Michel-Chef-Chef;Mer
44;Loire-Atlantique;44184;Saint-Nazaire;Mer
44;Loire-Atlantique;44188;Saint-Philbert-de-Grand-Lieu;Lac
44;Loire-Atlantique;44192;Saint-Viaud;Estuaire
44;Loire-Atlantique;44211;Turballe;Mer
85;Vendée;85001;Aiguillon-la-Presqu'île;Mer
85;Vendée;85004;Angles;Estuaire
85;Vendée;85011;Barbâtre;Mer
85;Vendée;85012;Barre-de-Monts;Mer
85;Vendée;85018;Beauvoir-sur-Mer;Mer
85;Vendée;85029;Bouin;Mer
85;Vendée;85035;Bretignolles-sur-Mer;Mer
85;Vendée;85049;Champagné-les-Marais;Mer
85;Vendée;85083;Épine;Mer
85;Vendée;85088;Fenouiller;Mer
85;Vendée;85104;Grues;Mer
85;Vendée;85106;Guérinière;Mer
85;Vendée;85112;Île-d'Olonne;Estuaire
85;Vendée;85113;Île-d'Yeu;Mer
85;Vendée;85114;Jard-sur-Mer;Mer
85;Vendée;85127;Longeville-sur-Mer;Mer
85;Vendée;85163;Noirmoutier-en-l'Île;Mer
85;Vendée;85164;Notre-Dame-de-Monts;Mer
85;Vendée;85185;Puyravault;Mer
85;Vendée;85194;Sables-d'Olonne;Mer
85;Vendée;85222;Saint-Gilles-Croix-de-Vie;Mer
85;Vendée;85226;Saint-Hilaire-de-Riez;Mer
85;Vendée;85234;Saint-Jean-de-Monts;Mer
85;Vendée;85243;Brem-sur-Mer;Estuaire
85;Vendée;85255;Saint-Michel-en-l'Herm;Mer
85;Vendée;85267;Sainte-Radégonde-des-Noyers;Mer
85;Vendée;85278;Saint-Vincent-sur-Jard;Mer
85;Vendée;85288;Talmont-Saint-Hilaire;Mer
85;Vendée;85294;Tranche-sur-Mer;Mer
85;Vendée;85297;Triaize;Mer
22;Côtes-d'Armor;22016;Île-de-Bréhat;Mer
22;Côtes-d'Armor;22049;Créhen;Mer
22;Côtes-d'Armor;22054;Erquy;Mer
22;Côtes-d'Armor;22055;Binic-Étables-sur-Mer;Mer
22;Côtes-d'Armor;22081;Hillion;Mer
22;Côtes-d'Armor;22085;Kerbors;Mer
22;Côtes-d'Armor;22093;Lamballe-Armor;Mer
22;Côtes-d'Armor;22094;Lancieux;Mer
22;Côtes-d'Armor;22103;Langrolay-sur-Rance;Mer
22;Côtes-d'Armor;22106;Langueux;Mer
22;Côtes-d'Armor;22111;Lanmodez;Mer
22;Côtes-d'Armor;22113;Lannion;Mer
22;Côtes-d'Armor;22127;Lézardrieux;Mer
22;Côtes-d'Armor;22134;Louannec;Mer
22;Côtes-d'Armor;22143;Matignon;Mer
22;Côtes-d'Armor;22152;Minihy-Tréguier;Estuaire
22;Côtes-d'Armor;22162;Paimpol;Mer
22;Côtes-d'Armor;22166;Penvénan;Mer
22;Côtes-d'Armor;22168;Perros-Guirec;Mer
22;Côtes-d'Armor;22174;Pléboulle;Mer
22;Côtes-d'Armor;22179;Fréhel;Mer
22;Côtes-d'Armor;22186;Pléneuf-Val-André;Mer
22;Côtes-d'Armor;22187;Plérin;Mer
22;Côtes-d'Armor;22194;Plestin-les-Grèves;Mer
22;Côtes-d'Armor;22195;Pleubian;Mer
22;Côtes-d'Armor;22196;Pleudaniel;Mer
22;Côtes-d'Armor;22197;Pleudihen-sur-Rance;Mer
22;Côtes-d'Armor;22198;Pleumeur-Bodou;Mer
22;Côtes-d'Armor;22201;Plévenon;Mer
22;Côtes-d'Armor;22204;Ploëzal;Estuaire
22;Côtes-d'Armor;22209;Beaussais-sur-Mer;Mer
22;Côtes-d'Armor;22210;Ploubazlanec;Mer
22;Côtes-d'Armor;22213;Plouër-sur-Rance;Mer
22;Côtes-d'Armor;22214;Plouézec;Mer
22;Côtes-d'Armor;22218;Plougrescant;Mer
22;Côtes-d'Armor;22221;Plouguiel;Mer
22;Côtes-d'Armor;22222;Plouha;Mer
22;Côtes-d'Armor;22224;Ploulec'h;Mer
22;Côtes-d'Armor;22226;Ploumilliau;Mer
22;Côtes-d'Armor;22233;Plourivo;Mer
22;Côtes-d'Armor;22242;Plurien;Mer
22;Côtes-d'Armor;22251;Pordic;Mer
22;Côtes-d'Armor;22256;Quemper-Guézennec;Estuaire
22;Côtes-d'Armor;22264;Roche-Jaudy;Estuaire
22;Côtes-d'Armor;22278;Saint-Brieuc;Mer
22;Côtes-d'Armor;22282;Saint-Cast-le-Guildo;Mer
22;Côtes-d'Armor;22302;Saint-Jacut-de-la-Mer;Mer
22;Côtes-d'Armor;22311;Saint-Lormel;Estuaire
22;Côtes-d'Armor;22319;Saint-Michel-en-Grève;Mer
22;Côtes-d'Armor;22325;Saint-Quay-Portrieux;Mer
22;Côtes-d'Armor;22327;Saint-Samson-sur-Rance;Mer
22;Côtes-d'Armor;22343;Trébeurden;Mer
22;Côtes-d'Armor;22347;Trédarzec;Estuaire
22;Côtes-d'Armor;22349;Trédrez-Locquémeau;Mer
22;Côtes-d'Armor;22350;Tréduder;Mer
22;Côtes-d'Armor;22353;Trégastel;Mer
22;Côtes-d'Armor;22362;Tréguier;Estuaire
22;Côtes-d'Armor;22363;Trélévern;Mer
22;Côtes-d'Armor;22377;Tréveneuc;Mer
22;Côtes-d'Armor;22379;Trévou-Tréguignec;Mer
22;Côtes-d'Armor;22383;Troguéry;Estuaire
22;Côtes-d'Armor;22385;Vicomté-sur-Rance;Mer
22;Côtes-d'Armor;22389;Yffiniac;Mer
29;Finistère;29001;Argol;Mer
29;Finistère;29003;Audierne;Mer
29;Finistère;29006;Bénodet;Mer
29;Finistère;29008;Beuzec-Cap-Sizun;Mer
29;Finistère;29017;Brélès;Mer
29;Finistère;29019;Brest;Mer
29;Finistère;29021;Plounéour-Brignogan-plages;Mer
29;Finistère;29022;Camaret-sur-Mer;Mer
29;Finistère;29023;Carantec;Mer
29;Finistère;29028;Cléden-Cap-Sizun;Mer
29;Finistère;29030;Cléder;Mer
29;Finistère;29031;Clohars-Carnoët;Mer
29;Finistère;29032;Clohars-Fouesnant;Estuaire
29;Finistère;29037;Combrit;Mer
29;Finistère;29039;Concarneau;Mer
29;Finistère;29040;Conquet;Mer
29;Finistère;29042;Crozon;Mer
29;Finistère;29043;Daoulas;Mer
29;Finistère;29044;Dinéault;Mer
29;Finistère;29045;Dirinon;Mer
29;Finistère;29046;Douarnenez;Mer
29;Finistère;29053;Faou;Mer
29;Finistère;29056;Forest-Landerneau;Mer
29;Finistère;29057;Forêt-Fouesnant;Mer
29;Finistère;29058;Fouesnant;Mer
29;Finistère;29063;Goulien;Mer
29;Finistère;29064;Goulven;Mer
29;Finistère;29072;Guilvinec;Mer
29;Finistère;29073;Guimaëc;Mer
29;Finistère;29075;Guipavas;Mer
29;Finistère;29077;Guissény;Mer
29;Finistère;29078;Hanvec;Mer
29;Finistère;29079;Henvic;Mer
29;Finistère;29080;Hôpital-Camfrout;Mer
29;Finistère;29082;Île-de-Batz;Mer
29;Finistère;29083;Île-de-Sein;Mer
29;Finistère;29084;Île-Molène;Mer
29;Finistère;29085;Île-Tudy;Mer
29;Finistère;29090;Kerlaz;Mer
29;Finistère;29091;Kerlouan;Mer
29;Finistère;29098;Lampaul-Plouarzel;Mer
29;Finistère;29099;Lampaul-Ploudalmézeau;Mer
29;Finistère;29101;Landéda;Mer
29;Finistère;29103;Landerneau;Mer
29;Finistère;29104;Landévennec;Mer
29;Finistère;29109;Landunvez;Mer
29;Finistère;29112;Lanildut;Mer
29;Finistère;29117;Lannilis;Mer
29;Finistère;29120;Lanvéoc;Mer
29;Finistère;29130;Locmaria-Plouzané;Mer
29;Finistère;29132;Locquénolé;Mer
29;Finistère;29133;Locquirec;Mer
29;Finistère;29135;Loctudy;Mer
29;Finistère;29137;Logonna-Daoulas;Mer
29;Finistère;29140;Loperhet;Mer
29;Finistère;29150;Moëlan-sur-Mer;Mer
29;Finistère;29151;Morlaix;Mer
29;Finistère;29153;Névez;Mer
29;Finistère;29155;Ouessant;Mer
29;Finistère;29158;Penmarch;Mer
29;Finistère;29165;Plobannalec-Lesconil;Mer
29;Finistère;29166;Ploéven;Mer
29;Finistère;29168;Plogoff;Mer
29;Finistère;29171;Plomeur;Mer
29;Finistère;29172;Plomodiern;Mer
29;Finistère;29176;Plonévez-Porzay;Mer
29;Finistère;29177;Plouarzel;Mer
29;Finistère;29178;Ploudalmézeau;Mer
29;Finistère;29184;Plouénan;Mer
29;Finistère;29185;Plouescat;Mer
29;Finistère;29186;Plouezoc'h;Mer
29;Finistère;29188;Plougasnou;Mer
29;Finistère;29189;Plougastel-Daoulas;Mer
29;Finistère;29190;Plougonvelin;Mer
29;Finistère;29192;Plougoulm;Mer
29;Finistère;29195;Plouguerneau;Mer
29;Finistère;29196;Plouguin;Mer
29;Finistère;29197;Plouhinec;Mer
29;Finistère;29198;Plouider;Mer
29;Finistère;29201;Ploumoguer;Mer
29;Finistère;29206;Plounévez-Lochrist;Mer
29;Finistère;29209;Plouvien;Mer
29;Finistère;29212;Plouzané;Mer
29;Finistère;29214;Plovan;Mer
29;Finistère;29215;Plozévet;Mer
29;Finistère;29217;Pont-Aven;Mer
29;Finistère;29218;Pont-Croix;Mer
29;Finistère;29220;Pont-l'Abbé;Mer
29;Finistère;29221;Porspoder;Mer
29;Finistère;29225;Pouldreuzic;Mer
29;Finistère;29226;Poullan-sur-Mer;Mer
29;Finistère;29228;Primelin;Mer
29;Finistère;29235;Relecq-Kerhuon;Mer
29;Finistère;29236;Riec-sur-Bélon;Mer
29;Finistère;29238;Roscanvel;Mer
29;Finistère;29239;Roscoff;Mer
29;Finistère;29240;Rosnoën;Mer
29;Finistère;29251;Saint-Jean-du-Doigt;Mer
29;Finistère;29252;Saint-Jean-Trolimon;Mer
29;Finistère;29254;Saint-Martin-des-Champs;Estuaire
29;Finistère;29256;Saint-Nic;Mer
29;Finistère;29257;Saint-Pabu;Mer
29;Finistère;29259;Saint-Pol-de-Léon;Mer
29;Finistère;29273;Santec;Mer
29;Finistère;29276;Sibiril;Mer
29;Finistère;29279;Taulé;Mer
29;Finistère;29280;Telgruc-sur-Mer;Mer
29;Finistère;29282;Trébabu;Mer
29;Finistère;29284;Treffiagat;Mer
29;Finistère;29287;Tréflez;Mer
29;Finistère;29289;Trégarvan;Mer
29;Finistère;29290;Tréglonou;Mer
29;Finistère;29292;Tréguennec;Mer
29;Finistère;29293;Trégunc;Mer
29;Finistère;29298;Tréogat;Mer
29;Finistère;29302;Pont-de-Buis-lès-Quimerch;Estuaire
35;Ille-et-Vilaine;35049;Cancale;Mer
35;Ille-et-Vilaine;35078;Cherrueix;Mer
35;Ille-et-Vilaine;35093;Dinard;Mer
35;Ille-et-Vilaine;35132;Hirel;Mer
35;Ille-et-Vilaine;35181;Minihic-sur-Rance;Mer
35;Ille-et-Vilaine;35186;Mont-Dol;Mer
35;Ille-et-Vilaine;35228;Pleurtuit;Mer
35;Ille-et-Vilaine;35241;Richardais;Mer
35;Ille-et-Vilaine;35247;Roz-sur-Couesnon;Mer
35;Ille-et-Vilaine;35255;Saint-Benoît-des-Ondes;Mer
35;Ille-et-Vilaine;35256;Saint-Briac-sur-Mer;Mer
35;Ille-et-Vilaine;35259;Saint-Broladre;Mer
35;Ille-et-Vilaine;35263;Saint-Coulomb;Mer
35;Ille-et-Vilaine;35284;Saint-Jouan-des-Guérets;Mer
35;Ille-et-Vilaine;35287;Saint-Lunaire;Mer
35;Ille-et-Vilaine;35288;Saint-Malo;Mer
35;Ille-et-Vilaine;35299;Saint-Méloir-des-Ondes;Mer
35;Ille-et-Vilaine;35306;Saint-Père-Marc-en-Poulet;Mer
35;Ille-et-Vilaine;35314;Saint-Suliac;Mer
35;Ille-et-Vilaine;35358;Ville-ès-Nonais;Mer
35;Ille-et-Vilaine;35361;Vivier-sur-Mer;Mer
56;Morbihan;56002;Ambon;Mer
56;Morbihan;56003;Arradon;Mer
56;Morbihan;56004;Arzal;Estuaire
56;Morbihan;56005;Arzon;Mer
56;Morbihan;56007;Auray;Mer
56;Morbihan;56008;Baden;Mer
56;Morbihan;56009;Bangor;Mer
56;Morbihan;56013;Belz;Mer
56;Morbihan;56018;Billiers;Mer
56;Morbihan;56023;Brech;Mer
56;Morbihan;56030;Camoël;Estuaire
56;Morbihan;56034;Carnac;Mer
56;Morbihan;56036;Caudan;Mer
56;Morbihan;56046;Crach;Mer
56;Morbihan;56052;Damgan;Mer
56;Morbihan;56054;Erdeven;Mer
56;Morbihan;56055;Étel;Mer
56;Morbihan;56062;Gâvres;Mer
56;Morbihan;56069;Groix;Mer
56;Morbihan;56078;Guidel;Mer
56;Morbihan;56084;Hézo;Mer
56;Morbihan;56085;Hœdic;Mer
56;Morbihan;56086;Île-d'Houat;Mer
56;Morbihan;56087;Île-aux-Moines;Mer
56;Morbihan;56088;Île-d'Arz;Mer
56;Morbihan;56094;Kervignac;Mer
56;Morbihan;56096;Landaul;Mer
56;Morbihan;56097;Landévant;Mer
56;Morbihan;56098;Lanester;Mer
56;Morbihan;56106;Larmor-Baden;Mer
56;Morbihan;56107;Larmor-Plage;Mer
56;Morbihan;56114;Locmaria;Mer
56;Morbihan;56116;Locmariaquer;Mer
56;Morbihan;56118;Locmiquélic;Mer
56;Morbihan;56119;Locoal-Mendon;Mer
56;Morbihan;56121;Lorient;Mer
56;Morbihan;56130;Merlevenez;Mer
56;Morbihan;56143;Muzillac;Mer
56;Morbihan;56148;Nostang;Mer
56;Morbihan;56152;Palais;Mer
56;Morbihan;56155;Pénestin;Mer
56;Morbihan;56162;Ploemeur;Mer
56;Morbihan;56167;Plougoumelen;Mer
56;Morbihan;56168;Plouharnel;Mer
56;Morbihan;56169;Plouhinec;Mer
56;Morbihan;56176;Pluneret;Mer
56;Morbihan;56181;Port-Louis;Mer
56;Morbihan;56185;Quéven;Mer
56;Morbihan;56186;Quiberon;Mer
56;Morbihan;56193;Riantec;Mer
56;Morbihan;56205;Saint-Armel;Mer
56;Morbihan;56214;Saint-Gildas-de-Rhuys;Mer
56;Morbihan;56220;Sainte-Hélène;Mer
56;Morbihan;56233;Saint-Philibert;Mer
56;Morbihan;56234;Saint-Pierre-Quiberon;Mer
56;Morbihan;56240;Sarzeau;Mer
56;Morbihan;56241;Sauzon;Mer
56;Morbihan;56243;Séné;Mer
56;Morbihan;56248;Surzur;Mer
56;Morbihan;56251;Theix-Noyalo;Mer
56;Morbihan;56252;Tour-du-Parc;Mer
56;Morbihan;56258;Trinité-sur-Mer;Mer
56;Morbihan;56260;Vannes;Mer
56;Morbihan;56262;Bono;Mer
17;Charente-Maritime;17004;Île-d'Aix;Mer
17;Charente-Maritime;17010;Angoulins;Mer
17;Charente-Maritime;17015;Arces;Estuaire
17;Charente-Maritime;17019;Ars-en-Ré;Mer
17;Charente-Maritime;17021;Arvert;Mer
17;Charente-Maritime;17028;Aytré;Mer
17;Charente-Maritime;17034;Barzan;Estuaire
17;Charente-Maritime;17051;Bois-Plage-en-Ré;Mer
17;Charente-Maritime;17058;Bourcefranc-le-Chapus;Mer
17;Charente-Maritime;17064;Breuillet;Mer
17;Charente-Maritime;17079;Chaillevette;Mer
17;Charente-Maritime;17091;Charron;Mer
17;Charente-Maritime;17093;Château-d'Oléron;Mer
17;Charente-Maritime;17094;Châtelaillon-Plage;Mer
17;Charente-Maritime;17098;Chenac-Saint-Seurin-d'Uzet;Estuaire
17;Charente-Maritime;17121;Couarde-sur-Mer;Mer
17;Charente-Maritime;17140;Dolus-d'Oléron;Mer
17;Charente-Maritime;17146;Échillais;Estuaire
17;Charente-Maritime;17151;Éguille;Mer
17;Charente-Maritime;17153;Esnandes;Mer
17;Charente-Maritime;17155;Étaules;Mer
17;Charente-Maritime;17160;Floirac;Estuaire
17;Charente-Maritime;17161;Flotte;Mer
17;Charente-Maritime;17168;Fouras;Mer
17;Charente-Maritime;17185;Gua;Mer
17;Charente-Maritime;17190;Houmeau;Mer
17;Charente-Maritime;17207;Loix;Mer
17;Charente-Maritime;17219;Marennes-Hiers-Brouage;Mer
17;Charente-Maritime;17222;Marsilly;Mer
17;Charente-Maritime;17225;Mathes;Mer
17;Charente-Maritime;17230;Meschers-sur-Gironde;Estuaire
17;Charente-Maritime;17237;Moëze;Mer
17;Charente-Maritime;17247;Mornac-sur-Seudre;Mer
17;Charente-Maritime;17248;Mortagne-sur-Gironde;Estuaire
17;Charente-Maritime;17264;Nieul-sur-Mer;Mer
17;Charente-Maritime;17265;Nieulle-sur-Seudre;Mer
17;Charente-Maritime;17286;Portes-en-Ré;Mer
17;Charente-Maritime;17297;Rivedoux-Plage;Mer
17;Charente-Maritime;17299;Rochefort;Estuaire
17;Charente-Maritime;17300;Rochelle;Mer
17;Charente-Maritime;17306;Royan;Mer
17;Charente-Maritime;17318;Saint-Clément-des-Baleines;Mer
17;Charente-Maritime;17323;Saint-Denis-d'Oléron;Mer
17;Charente-Maritime;17325;Saint-Dizant-du-Gua;Estuaire
17;Charente-Maritime;17328;Saint-Fort-sur-Gironde;Estuaire
17;Charente-Maritime;17329;Saint-Froult;Mer
17;Charente-Maritime;17333;Saint-Georges-de-Didonne;Mer
17;Charente-Maritime;17337;Saint-Georges-d'Oléron;Mer
17;Charente-Maritime;17346;Saint-Hippolyte;Estuaire
17;Charente-Maritime;17351;Saint-Just-Luzac;Mer
17;Charente-Maritime;17353;Saint-Laurent-de-la-Prée;Estuaire
17;Charente-Maritime;17360;Sainte-Marie-de-Ré;Mer
17;Charente-Maritime;17369;Saint-Martin-de-Ré;Mer
17;Charente-Maritime;17375;Saint-Nazaire-sur-Charente;Estuaire
17;Charente-Maritime;17380;Saint-Palais-sur-Mer;Mer
17;Charente-Maritime;17385;Saint-Pierre-d'Oléron;Mer
17;Charente-Maritime;17405;Saint-Sorlin-de-Conac;Estuaire
17;Charente-Maritime;17409;Saint-Sulpice-de-Royan;Mer
17;Charente-Maritime;17410;Saint-Thomas-de-Conac;Estuaire
17;Charente-Maritime;17411;Saint-Trojan-les-Bains;Mer
17;Charente-Maritime;17421;Saujon;Mer
17;Charente-Maritime;17429;Soubise;Estuaire
17;Charente-Maritime;17437;Talmont-sur-Gironde;Estuaire
17;Charente-Maritime;17449;Tonnay-Charente;Estuaire
17;Charente-Maritime;17452;Tremblade;Mer
17;Charente-Maritime;17461;Vaux-sur-Mer;Mer
17;Charente-Maritime;17463;Vergeroux;Estuaire
17;Charente-Maritime;17483;Yves;Mer
17;Charente-Maritime;17484;Port-des-Barques;Mer
17;Charente-Maritime;17485;Grand-Village-Plage;Mer
17;Charente-Maritime;17486;Brée-les-Bains;Mer
19;Corrèze;19028;Bort-les-Orgues;Lac
19;Corrèze;19142;Monestier-Port-Dieu;Lac
19;Corrèze;19167;Confolent-Port-Dieu;Lac
19;Corrèze;19252;Sarroux - Saint Julien;Lac
23;Creuse;23077;Faux-la-Montagne;Lac
23;Creuse;23090;Gentioux-Pigerolles;Lac
23;Creuse;23165;Royère-de-Vassivière;Lac
33;Gironde;33005;Andernos-les-Bains;Mer
33;Gironde;33009;Arcachon;Mer
33;Gironde;33011;Arès;Mer
33;Gironde;33019;Audenge;Mer
33;Gironde;33038;Bégadan;Estuaire
33;Gironde;33051;Biganos;Mer
33;Gironde;33058;Blaye;Estuaire
33;Gironde;33073;Braud-et-Saint-Louis;Estuaire
33;Gironde;33097;Carcans;Lac
33;Gironde;33097;Carcans;Mer
33;Gironde;33146;Cussac-Fort-Médoc;Estuaire
33;Gironde;33172;Fours;Estuaire
33;Gironde;33193;Grayan-et-l'Hôpital;Mer
33;Gironde;33199;Gujan-Mestras;Mer
33;Gironde;33203;Hourtin;Lac
33;Gironde;33203;Hourtin;Mer
33;Gironde;33208;Jau-Dignac-et-Loirac;Estuaire
33;Gironde;33214;Lacanau;Lac
33;Gironde;33214;Lacanau;Mer
33;Gironde;33229;Lanton;Mer
33;Gironde;33236;Lège-Cap-Ferret;Mer
33;Gironde;33300;Naujac-sur-Mer;Mer
33;Gironde;33314;Pauillac;Estuaire
33;Gironde;33333;Porge;Mer
33;Gironde;33370;Saint-Androny;Estuaire
33;Gironde;33383;Saint-Christoly-Médoc;Estuaire
33;Gironde;33389;Saint-Ciers-sur-Gironde;Estuaire
33;Gironde;33395;Saint-Estèphe;Estuaire
33;Gironde;33405;Saint-Genès-de-Blaye;Estuaire
33;Gironde;33423;Saint-Julien-Beychevelle;Estuaire
33;Gironde;33476;Saint-Seurin-de-Cadourne;Estuaire
33;Gironde;33490;Saint-Vivien-de-Médoc;Estuaire
33;Gironde;33493;Saint-Yzans-de-Médoc;Estuaire
33;Gironde;33514;Soulac-sur-Mer;Mer
33;Gironde;33521;Talais;Estuaire
33;Gironde;33527;Teich;Mer
33;Gironde;33529;Teste-de-Buch;Lac
33;Gironde;33529;Teste-de-Buch;Mer
33;Gironde;33538;Valeyrac;Estuaire
33;Gironde;33540;Vendays-Montalivet;Mer
33;Gironde;33541;Vensac;Mer
33;Gironde;33544;Verdon-sur-Mer;Mer
40;Landes;40046;Biscarrosse;Lac
40;Landes;40046;Biscarrosse;Mer
40;Landes;40065;Capbreton;Mer
40;Landes;40108;Gastes;Lac
40;Landes;40108;Gastes;Mer
40;Landes;40133;Labenne;Mer
40;Landes;40157;Lit-et-Mixe;Mer
40;Landes;40181;Messanges;Mer
40;Landes;40184;Mimizan;Mer
40;Landes;40187;Moliets-et-Maa;Mer
40;Landes;40209;Ondres;Mer
40;Landes;40217;Parentis-en-Born;Lac
40;Landes;40217;Parentis-en-Born;Mer
40;Landes;40257;Sainte-Eulalie-en-Born;Lac
40;Landes;40257;Sainte-Eulalie-en-Born;Mer
40;Landes;40266;Saint-Julien-en-Born;Mer
40;Landes;40287;Sanguinet;Lac
40;Landes;40287;Sanguinet;Mer
40;Landes;40296;Seignosse;Mer
40;Landes;40304;Soorts-Hossegor;Mer
40;Landes;40310;Soustons;Mer
40;Landes;40312;Tarnos;Mer
40;Landes;40326;Vielle-Saint-Girons;Mer
40;Landes;40328;Vieux-Boucau-les-Bains;Mer
64;Pyrénées-Atlantiques;64024;Anglet;Mer
64;Pyrénées-Atlantiques;64102;Bayonne;Estuaire
64;Pyrénées-Atlantiques;64122;Biarritz;Mer
64;Pyrénées-Atlantiques;64125;Bidart;Mer
64;Pyrénées-Atlantiques;64140;Boucau;Estuaire
64;Pyrénées-Atlantiques;64189;Ciboure;Mer
64;Pyrénées-Atlantiques;64249;Guéthary;Mer
64;Pyrénées-Atlantiques;64260;Hendaye;Mer
64;Pyrénées-Atlantiques;64483;Saint-Jean-de-Luz;Mer
64;Pyrénées-Atlantiques;64545;Urrugne;Mer
87;Haute-Vienne;87009;Beaumont-du-Lac;Lac
87;Haute-Vienne;87117;Peyrat-le-Château;Lac
11;Aude;11024;Bages;Mer
11;Aude;11144;Fitou;Mer
11;Aude;11145;Fleury;Mer
11;Aude;11170;Gruissan;Mer
11;Aude;11188;Palme;Mer
11;Aude;11202;Leucate;Mer
11;Aude;11262;Narbonne;Mer
11;Aude;11266;Port-la-Nouvelle;Mer
11;Aude;11285;Peyriac-de-Mer;Mer
11;Aude;11379;Sigean;Mer
12;Aveyron;12011;Arvieu;Lac
12;Aveyron;12036;Brommat;Lac
12;Aveyron;12050;Canet-de-Salars;Lac
12;Aveyron;12051;Cantoin;Lac
12;Aveyron;12188;Prades-Salars;Lac
12;Aveyron;12223;Argences en Aubrac;Lac
12;Aveyron;12253;Salles-Curan;Lac
12;Aveyron;12280;Thérondels;Lac
12;Aveyron;12307;Curan;Lac
30;Gard;30003;Aigues-Mortes;Mer
30;Gard;30133;Grau-du-Roi;Mer
30;Gard;30276;Saint-Laurent-d'Aigouze;Mer
30;Gard;30341;Vauvert;Estuaire
34;Hérault;34003;Agde;Mer
34;Hérault;34023;Balaruc-les-Bains;Mer
34;Hérault;34024;Balaruc-le-Vieux;Mer
34;Hérault;34039;Bouzigues;Mer
34;Hérault;34050;Candillargues;Mer
34;Hérault;34108;Frontignan;Mer
34;Hérault;34127;Lansargues;Mer
34;Hérault;34129;Lattes;Mer
34;Hérault;34143;Loupian;Mer
34;Hérault;34150;Marseillan;Mer
34;Hérault;34151;Marsillargues;Mer
34;Hérault;34154;Mauguio;Mer
34;Hérault;34157;Mèze;Mer
34;Hérault;34159;Mireval;Mer
34;Hérault;34192;Palavas-les-Flots;Mer
34;Hérault;34198;Pérols;Mer
34;Hérault;34209;Portiragnes;Mer
34;Hérault;34213;Poussan;Mer
34;Hérault;34299;Sérignan;Mer
34;Hérault;34301;Sète;Mer
34;Hérault;34324;Valras-Plage;Mer
34;Hérault;34329;Vendres;Mer
34;Hérault;34332;Vias;Mer
34;Hérault;34333;Vic-la-Gardiole;Mer
34;Hérault;34337;Villeneuve-lès-Maguelone;Mer
34;Hérault;34344;Grande-Motte;Mer
48;Lozère;48001;Albaret-le-Comtal;Lac
48;Lozère;48010;Auroux;Lac
48;Lozère;48041;Chastanier;Lac
48;Lozère;48080;Langogne;Lac
48;Lozère;48105;Naussac-Fontanes;Lac
66;Pyrénées-Orientales;66008;Argelès-sur-Mer;Mer
66;Pyrénées-Orientales;66016;Banyuls-sur-Mer;Mer
66;Pyrénées-Orientales;66017;Barcarès;Mer
66;Pyrénées-Orientales;66037;Canet-en-Roussillon;Mer
66;Pyrénées-Orientales;66048;Cerbère;Mer
66;Pyrénées-Orientales;66053;Collioure;Mer
66;Pyrénées-Orientales;66065;Elne;Mer
66;Pyrénées-Orientales;66148;Port-Vendres;Mer
66;Pyrénées-Orientales;66171;Saint-Cyprien;Mer
66;Pyrénées-Orientales;66176;Saint-Hippolyte;Mer
66;Pyrénées-Orientales;66180;Saint-Laurent-de-la-Salanque;Mer
66;Pyrénées-Orientales;66182;Sainte-Marie-la-Mer;Mer
66;Pyrénées-Orientales;66186;Saint-Nazaire;Mer
66;Pyrénées-Orientales;66190;Salses-le-Château;Mer
66;Pyrénées-Orientales;66212;Torreilles;Mer
15;Cantal;15002;Alleuze;Lac
15;Cantal;15005;Anglards-de-Saint-Flour;Lac
15;Cantal;15020;Beaulieu;Lac
15;Cantal;15034;Chaliers;Lac
15;Cantal;15045;Chaudes-Aigues;Lac
15;Cantal;15065;Espinasse;Lac
15;Cantal;15073;Fridefont;Lac
15;Cantal;15092;Lanobre;Lac
15;Cantal;15106;Lieutadès;Lac
15;Cantal;15108;Val d'Arcomie;Lac
15;Cantal;15121;Maurines;Lac
15;Cantal;15142;Neuvéglise-sur-Truyère;Lac
15;Cantal;15149;Paulhenc;Lac
15;Cantal;15168;Ruynes-en-Margeride;Lac
15;Cantal;15188;Saint-Georges;Lac
15;Cantal;15198;Sainte-Marie;Lac
63;Puy-de-Dôme;63183;Labessette;Lac
63;Puy-de-Dôme;63190;Larodde;Lac
63;Puy-de-Dôme;63416;Savennes;Lac
63;Puy-de-Dôme;63421;Singles;Lac
73;Savoie;73008;Aix-les-Bains;Lac
73;Savoie;73010;Entrelacs;Lac
73;Savoie;73050;Bourdeau;Lac
73;Savoie;73051;Bourget-du-Lac;Lac
73;Savoie;73059;Brison-Saint-Innocent;Lac
73;Savoie;73076;Chapelle-du-Mont-du-Chat;Lac
73;Savoie;73085;Chindrieux;Lac
73;Savoie;73091;Conjux;Lac
73;Savoie;73273;Saint-Pierre-de-Curtille;Lac
73;Savoie;73300;Tresserve;Lac
73;Savoie;73328;Viviers-du-Lac;Lac
74;Haute-Savoie;74010;Annecy;Lac
74;Haute-Savoie;74013;Anthy-sur-Léman;Lac
74;Haute-Savoie;74070;Chens-sur-Léman;Lac
74;Haute-Savoie;74104;Doussard;Lac
74;Haute-Savoie;74108;Duingt;Lac
74;Haute-Savoie;74119;Évian-les-Bains;Lac
74;Haute-Savoie;74121;Excenevex;Lac
74;Haute-Savoie;74154;Lugrin;Lac
74;Haute-Savoie;74163;Margencel;Lac
74;Haute-Savoie;74172;Maxilly-sur-Léman;Lac
74;Haute-Savoie;74175;Meillerie;Lac
74;Haute-Savoie;74176;Menthon-Saint-Bernard;Lac
74;Haute-Savoie;74180;Messery;Lac
74;Haute-Savoie;74199;Nernier;Lac
74;Haute-Savoie;74200;Neuvecelle;Lac
74;Haute-Savoie;74218;Publier;Lac
74;Haute-Savoie;74237;Saint-Gingolph;Lac
74;Haute-Savoie;74242;Saint-Jorioz;Lac
74;Haute-Savoie;74263;Sciez;Lac
74;Haute-Savoie;74267;Sevrier;Lac
74;Haute-Savoie;74275;Talloires-Montmin;Lac
74;Haute-Savoie;74281;Thonon-les-Bains;Lac
74;Haute-Savoie;74299;Veyrier-du-Lac;Lac
74;Haute-Savoie;74315;Yvoire;Lac
4;Alpes-de-Haute-Provence;4033;Ubaye-Serre-Ponçon;Lac
4;Alpes-de-Haute-Provence;4102;Lauzet-Ubaye;Lac
4;Alpes-de-Haute-Provence;4135;Moustiers-Sainte-Marie;Lac
4;Alpes-de-Haute-Provence;4144;Palud-sur-Verdon;Lac
4;Alpes-de-Haute-Provence;4154;Pontis;Lac
4;Alpes-de-Haute-Provence;4176;Sainte-Croix-du-Verdon;Lac
5;Hautes-Alpes;5012;Baratier;Lac
5;Hautes-Alpes;5040;Chorges;Lac
5;Hautes-Alpes;5045;Crots;Lac
5;Hautes-Alpes;5046;Embrun;Lac
5;Hautes-Alpes;5106;Prunières;Lac
5;Hautes-Alpes;5111;Puy-Sanières;Lac
5;Hautes-Alpes;5127;Rousset;Lac
5;Hautes-Alpes;5163;Sauze-du-Lac;Lac
5;Hautes-Alpes;5164;Savines-le-Lac;Lac
6;Alpes-Maritimes;6004;Antibes;Mer
6;Alpes-Maritimes;6011;Beaulieu-sur-Mer;Mer
6;Alpes-Maritimes;6027;Cagnes-sur-Mer;Mer
6;Alpes-Maritimes;6029;Cannes;Mer
6;Alpes-Maritimes;6032;Cap-d'Ail;Mer
6;Alpes-Maritimes;6059;Èze;Mer
6;Alpes-Maritimes;6079;Mandelieu-la-Napoule;Mer
6;Alpes-Maritimes;6083;Menton;Mer
6;Alpes-Maritimes;6088;Nice;Mer
6;Alpes-Maritimes;6104;Roquebrune-Cap-Martin;Mer
6;Alpes-Maritimes;6121;Saint-Jean-Cap-Ferrat;Mer
6;Alpes-Maritimes;6123;Saint-Laurent-du-Var;Mer
6;Alpes-Maritimes;6138;Théoule-sur-Mer;Mer
6;Alpes-Maritimes;6155;Vallauris;Mer
6;Alpes-Maritimes;6159;Villefranche-sur-Mer;Mer
6;Alpes-Maritimes;6161;Villeneuve-Loubet;Mer
13;Bouches-du-Rhône;13004;Arles;Mer
13;Bouches-du-Rhône;13014;Berre-l'Étang;Mer
13;Bouches-du-Rhône;13021;Carry-le-Rouet;Mer
13;Bouches-du-Rhône;13022;Cassis;Mer
13;Bouches-du-Rhône;13026;Châteauneuf-les-Martigues;Mer
13;Bouches-du-Rhône;13028;Ciotat;Mer
13;Bouches-du-Rhône;13033;Ensuès-la-Redonne;Mer
13;Bouches-du-Rhône;13039;Fos-sur-Mer;Mer
13;Bouches-du-Rhône;13047;Istres;Mer
13;Bouches-du-Rhône;13054;Marignane;Mer
13;Bouches-du-Rhône;13055;Marseille;Mer
13;Bouches-du-Rhône;13056;Martigues;Mer
13;Bouches-du-Rhône;13063;Miramas;Mer
13;Bouches-du-Rhône;13077;Port-de-Bouc;Mer
13;Bouches-du-Rhône;13078;Port-Saint-Louis-du-Rhône;Mer
13;Bouches-du-Rhône;13081;Rognac;Mer
13;Bouches-du-Rhône;13088;Rove;Mer
13;Bouches-du-Rhône;13092;Saint-Chamas;Mer
13;Bouches-du-Rhône;13096;Saintes-Maries-de-la-Mer;Mer
13;Bouches-du-Rhône;13098;Saint-Mitre-les-Remparts;Mer
13;Bouches-du-Rhône;13104;Sausset-les-Pins;Mer
13;Bouches-du-Rhône;13117;Vitrolles;Mer
83;Var;83002;Aiguines;Lac
83;Var;83009;Bandol;Mer
83;Var;83014;Baudinard-sur-Verdon;Lac
83;Var;83015;Bauduen;Lac
83;Var;83019;Bormes-les-Mimosas;Mer
83;Var;83034;Carqueiranne;Mer
83;Var;83036;Cavalaire-sur-Mer;Mer
83;Var;83042;Cogolin;Mer
83;Var;83048;Croix-Valmer;Mer
83;Var;83061;Fréjus;Mer
83;Var;83062;Garde;Mer
83;Var;83065;Gassin;Mer
83;Var;83068;Grimaud;Mer
83;Var;83069;Hyères;Mer
83;Var;83070;Lavandou;Mer
83;Var;83071;Londe-les-Maures;Mer
83;Var;83090;Ollioules;Mer
83;Var;83098;Pradet;Mer
83;Var;83101;Ramatuelle;Mer
83;Var;83107;Roquebrune-sur-Argens;Mer
83;Var;83112;Saint-Cyr-sur-Mer;Mer
83;Var;83115;Sainte-Maxime;Mer
83;Var;83118;Saint-Raphaël;Mer
83;Var;83119;Saint-Tropez;Mer
83;Var;83122;Salles-sur-Verdon;Lac
83;Var;83123;Sanary-sur-Mer;Mer
83;Var;83126;Seyne-sur-Mer;Mer
83;Var;83129;Six-Fours-les-Plages;Mer
83;Var;83137;Toulon;Mer
83;Var;83152;Rayol-Canadel-sur-Mer;Mer
83;Var;83153;Saint-Mandrier-sur-Mer;Mer
2A;Corse-du-Sud;2A004;Ajaccio;Mer
2A;Corse-du-Sud;2A006;Alata;Mer
2A;Corse-du-Sud;2A008;Albitreccia;Mer
2A;Corse-du-Sud;2A017;Appietto;Mer
2A;Corse-du-Sud;2A035;Belvédère-Campomoro;Mer
2A;Corse-du-Sud;2A041;Bonifacio;Mer
2A;Corse-du-Sud;2A048;Calcatoggio;Mer
2A;Corse-du-Sud;2A065;Cargèse;Mer
2A;Corse-du-Sud;2A070;Casaglione;Mer
2A;Corse-du-Sud;2A090;Coggia;Mer
2A;Corse-du-Sud;2A092;Conca;Mer
2A;Corse-du-Sud;2A098;Coti-Chiavari;Mer
2A;Corse-du-Sud;2A114;Figari;Mer
2A;Corse-du-Sud;2A130;Grosseto-Prugna;Mer
2A;Corse-du-Sud;2A139;Lecci;Mer
2A;Corse-du-Sud;2A163;Monacia-d'Aullène;Mer
2A;Corse-du-Sud;2A189;Olmeto;Mer
2A;Corse-du-Sud;2A197;Osani;Mer
2A;Corse-du-Sud;2A198;Ota;Mer
2A;Corse-du-Sud;2A203;Partinello;Mer
2A;Corse-du-Sud;2A212;Piana;Mer
2A;Corse-du-Sud;2A215;Pianottoli-Caldarello;Mer
2A;Corse-du-Sud;2A228;Pietrosella;Mer
2A;Corse-du-Sud;2A247;Porto-Vecchio;Mer
2A;Corse-du-Sud;2A249;Propriano;Mer
2A;Corse-du-Sud;2A269;Sari-Solenzara;Mer
2A;Corse-du-Sud;2A272;Sartène;Mer
2A;Corse-du-Sud;2A276;Serra-di-Ferro;Mer
2A;Corse-du-Sud;2A279;Serriera;Mer
2A;Corse-du-Sud;2A295;Sant'Andréa-d'Orcino;Mer
2A;Corse-du-Sud;2A348;Vico;Mer
2A;Corse-du-Sud;2A351;Villanova;Mer
2A;Corse-du-Sud;2A362;Zonza;Mer
2B;Haute-Corse;2B009;Aléria;Mer
2B;Haute-Corse;2B010;Algajola;Mer
2B;Haute-Corse;2B020;Aregno;Mer
2B;Haute-Corse;2B030;Barrettali;Mer
2B;Haute-Corse;2B033;Bastia;Mer
2B;Haute-Corse;2B034;Belgodère;Mer
2B;Haute-Corse;2B037;Biguglia;Mer
2B;Haute-Corse;2B042;Borgo;Mer
2B;Haute-Corse;2B043;Brando;Mer
2B;Haute-Corse;2B046;Cagnano;Mer
2B;Haute-Corse;2B049;Calenzana;Mer
2B;Haute-Corse;2B050;Calvi;Mer
2B;Haute-Corse;2B057;Canale-di-Verde;Mer
2B;Haute-Corse;2B058;Canari;Mer
2B;Haute-Corse;2B077;Castellare-di-Casinca;Mer
2B;Haute-Corse;2B086;Centuri;Mer
2B;Haute-Corse;2B087;Cervione;Mer
2B;Haute-Corse;2B093;Corbara;Mer
2B;Haute-Corse;2B107;Ersa;Mer
2B;Haute-Corse;2B109;Farinole;Mer
2B;Haute-Corse;2B120;Furiani;Mer
2B;Haute-Corse;2B121;Galéria;Mer
2B;Haute-Corse;2B123;Ghisonaccia;Mer
2B;Haute-Corse;2B134;Île-Rousse;Mer
2B;Haute-Corse;2B143;Linguizzetta;Mer
2B;Haute-Corse;2B148;Lucciana;Mer
2B;Haute-Corse;2B150;Lumio;Mer
2B;Haute-Corse;2B152;Luri;Mer
2B;Haute-Corse;2B159;Meria;Mer
2B;Haute-Corse;2B168;Monticello;Mer
2B;Haute-Corse;2B170;Morsiglia;Mer
2B;Haute-Corse;2B178;Nonza;Mer
2B;Haute-Corse;2B182;Occhiatana;Mer
2B;Haute-Corse;2B183;Ogliastro;Mer
2B;Haute-Corse;2B187;Olmeta-di-Capocorso;Mer
2B;Haute-Corse;2B199;Palasca;Mer
2B;Haute-Corse;2B205;Patrimonio;Mer
2B;Haute-Corse;2B207;Penta-di-Casinca;Mer
2B;Haute-Corse;2B224;Pietracorbara;Mer
2B;Haute-Corse;2B233;Pino;Mer
2B;Haute-Corse;2B242;Poggio-Mezzana;Mer
2B;Haute-Corse;2B251;Prunelli-di-Fiumorbo;Mer
2B;Haute-Corse;2B261;Rogliano;Mer
2B;Haute-Corse;2B277;Serra-di-Fiumorbo;Mer
2B;Haute-Corse;2B281;Sisco;Mer
2B;Haute-Corse;2B283;Solaro;Mer
2B;Haute-Corse;2B286;Sorbo-Ocagnano;Mer
2B;Haute-Corse;2B298;Saint-Florent;Mer
2B;Haute-Corse;2B301;San-Gavino-di-Tenda;Mer
2B;Haute-Corse;2B303;San-Giuliano;Mer
2B;Haute-Corse;2B305;San-Martino-di-Lota;Mer
2B;Haute-Corse;2B307;Santa-Lucia-di-Moriani;Mer
2B;Haute-Corse;2B309;Santa-Maria-di-Lota;Mer
2B;Haute-Corse;2B311;Santa-Maria-Poggio;Mer
2B;Haute-Corse;2B313;San-Nicolao;Mer
2B;Haute-Corse;2B314;Santo-Pietro-di-Tenda;Mer
2B;Haute-Corse;2B318;Taglio-Isolaccio;Mer
2B;Haute-Corse;2B319;Talasani;Mer
2B;Haute-Corse;2B320;Tallone;Mer
2B;Haute-Corse;2B327;Tomino;Mer
2B;Haute-Corse;2B335;Valle-di-Campoloro;Mer
2B;Haute-Corse;2B342;Ventiseri;Mer
2B;Haute-Corse;2B343;Venzolasca;Mer
2B;Haute-Corse;2B346;Vescovato;Estuaire
2B;Haute-Corse;2B353;Ville-di-Pietrabugno;Mer
